a,b,N,p,M,v,mean_time,se_time,mean_chi,se_chi,instancia
100,100,200,20,1973,1,13.416341776,0.33362609239111635,104.4,0.39999999999999997,bi_a100_b100_p20%_v1.col
